delta_selected_minus_gen0,gen0_final_test_score,gen0_generation,method,run_dir,selected_final_test_score,selected_generation
0.0011695906432748204,0.52046783625731,0,fixed,/gluon4/xl693/evolve/results/advanced_vqa_task_fixed_20260331_110628_repeat02,0.5216374269005848,41
-0.0011695906432748204,0.5181286549707602,0,reasoning,/gluon4/xl693/evolve/results/advanced_vqa_task_reasoning_20260329_130634_repeat01,0.5169590643274854,18
0.010526315789473717,0.5766081871345029,0,order_vote,/gluon4/xl693/evolve/results/advanced_vqa_task_order_vote_20260331_145437_repeat02,0.5871345029239766,21
-0.0011695906432748204,0.5578947368421052,0,order_rerank,/gluon4/xl693/evolve/results/advanced_vqa_task_order_rerank_20260331_190226_repeat02,0.5567251461988304,26
0.025730994152046827,0.5333333333333333,0,order_vote_plus,/gluon4/xl693/evolve/results/advanced_vqa_task_order_vote_plus_20260329_185134_repeat01,0.5590643274853802,16
