method,run_count,final_test_score_mean,final_test_score_std,selected_holdout_score_mean,selected_holdout_score_std,invalid_generation_rate_mean,invalid_generation_rate_std
fixed,5,0.5272514619883041,0.004168077118410614,0.5350375939849624,0.007842649510018215,0.008,0.017888543819998316
order_rerank,5,0.5578947368421053,0.004297350425935398,0.595187969924812,0.003590176356785935,0.10400000000000001,0.008944271909999154
order_vote,5,0.5789473684210527,0.00651200510272516,0.6249624060150376,0.010770529070357889,0.032,0.017888543819998316
order_vote_plus,1,0.5532163742690058,0.0,0.5488721804511278,0.0,0.08,0.0
reasoning,1,0.5157894736842106,0.0,0.5398496240601504,0.0,0.0,0.0
